"number","position","player","dob","caps","club","grp","country","league"
"1","GK","Jefferson",1983-01-02,"9","Botafogo","Group A","Brazil","Brazil"
"2","DF","Dani Alves",1983-05-06,"74","Barcelona","Group A","Brazil","Spain"
"3","DF","Thiago Silva (c)",1984-09-22,"45","Paris Saint-Germain","Group A","Brazil","France"
"4","DF","David Luiz",1987-04-22,"35","Chelsea","Group A","Brazil","England"
"5","MF","Fernandinho",1985-05-04,"6","Manchester City","Group A","Brazil","England"
"6","DF","Marcelo",1988-05-12,"30","Real Madrid","Group A","Brazil","Spain"
"7","FW","Hulk",1986-07-25,"34","Zenit Saint Petersburg","Group A","Brazil","Russia"
"8","MF","Paulinho",1988-07-25,"25","Tottenham Hotspur","Group A","Brazil","England"
"9","FW","Fred",1983-10-03,"33","Fluminense","Group A","Brazil","Brazil"
"10","FW","Neymar",1992-02-05,"48","Barcelona","Group A","Brazil","Spain"
"11","MF","Oscar",1991-09-09,"30","Chelsea","Group A","Brazil","England"
"12","GK","Júlio César",1979-09-03,"79","Toronto","Group A","Brazil","Canada"
"13","DF","Dante",1983-10-18,"12","Bayern Munich","Group A","Brazil","Germany"
"14","DF","Maxwell",1981-08-27,"8","Paris Saint-Germain","Group A","Brazil","France"
"15","DF","Henrique",1986-10-14,"5","Napoli","Group A","Brazil","Italy"
"16","MF","Ramires",1987-03-24,"42","Chelsea","Group A","Brazil","England"
"17","MF","Luiz Gustavo",1987-07-23,"18","VfL Wolfsburg","Group A","Brazil","Germany"
"18","MF","Hernanes",1985-05-29,"24","Internazionale","Group A","Brazil","Italy"
"19","MF","Willian",1988-08-09,"6","Chelsea","Group A","Brazil","England"
"20","MF","Bernard",1992-09-08,"10","Shakhtar Donetsk","Group A","Brazil","Ukraine"
"21","FW","Jô",1987-03-20,"16","Atlético Mineiro","Group A","Brazil","Brazil"
"22","GK","Victor",1983-01-21,"6","Atlético Mineiro","Group A","Brazil","Brazil"
"23","DF","Maicon",1981-07-26,"71","Roma","Group A","Brazil","Italy"
"1","GK","Loïc Feudjou",1992-04-14,"1","Coton Sport","Group A","Cameroon","Cameroon"
"2","DF","Benoît Assou-Ekotto",1984-03-24,"21","Tottenham Hotspur","Group A","Cameroon","England"
"3","DF","Nicolas N'Koulou",1990-03-27,"47","Marseille","Group A","Cameroon","France"
"4","DF","Cédric Djeugoué",1992-08-28,"3","Coton Sport","Group A","Cameroon","Cameroon"
"5","DF","Dany Nounkeu",1986-04-11,"15","Besiktas","Group A","Cameroon","Turkey"
"6","MF","Alex Song",1987-09-09,"46","Barcelona","Group A","Cameroon","Spain"
"7","MF","Landry N'Guémo",1985-11-28,"39","Bordeaux","Group A","Cameroon","France"
"8","FW","Benjamin Moukandjo",1988-11-12,"16","Nancy","Group A","Cameroon","France"
"9","FW","Samuel Eto'o (c)",1981-03-10,"116","Chelsea","Group A","Cameroon","England"
"10","FW","Vincent Aboubakar",1992-01-22,"23","Lorient","Group A","Cameroon","France"
"11","MF","Jean Makoun",1983-05-29,"66","Rennes","Group A","Cameroon","France"
"12","DF","Henri Bedimo",1984-06-04,"30","Lyon","Group A","Cameroon","France"
"13","FW","Maxim Choupo-Moting",1989-03-23,"26","Mainz 05","Group A","Cameroon","Germany"
"14","DF","Aurélien Chedjou",1985-06-20,"30","Galatasaray","Group A","Cameroon","Turkey"
"15","FW","Pierre Webó",1982-01-20,"55","Fenerbahçe","Group A","Cameroon","Turkey"
"16","GK","Charles Itandje",1982-11-02,"9","Konyaspor","Group A","Cameroon","Turkey"
"17","MF","Stéphane Mbia",1986-05-20,"49","Sevilla","Group A","Cameroon","Spain"
"18","MF","Eyong Enoh",1986-03-23,"37","Antalyaspor","Group A","Cameroon","Turkey"
"19","FW","Fabrice Olinga",1996-05-12,"7","Zulte Waregem","Group A","Cameroon","Belgium"
"20","MF","Edgar Salli",1992-08-17,"8","Lens","Group A","Cameroon","France"
"21","MF","Joël Matip",1991-08-08,"22","Schalke 04","Group A","Cameroon","Germany"
"22","DF","Allan Nyom",1988-05-10,"8","Granada","Group A","Cameroon","Spain"
"23","GK","Sammy N'Djock",1990-02-25,"2","Fethiyespor","Group A","Cameroon","Turkey"
"1","GK","Stipe Pletikosa",1979-01-08,"110","Rostov","Group A","Croatia","Russia"
"2","DF","Šime Vrsaljko",1992-01-10,"6","Genoa","Group A","Croatia","Italy"
"3","DF","Danijel Pranjic",1981-12-02,"48","Panathinaikos","Group A","Croatia","Greece"
"4","MF","Ivan Perišic",1989-02-02,"28","VfL Wolfsburg","Group A","Croatia","Germany"
"5","DF","Vedran Corluka",1986-02-05,"72","Lokomotiv Moscow","Group A","Croatia","Russia"
"6","DF","Dejan Lovren",1989-07-05,"23","Southampton","Group A","Croatia","England"
"7","MF","Ivan Rakitic",1988-03-10,"61","Sevilla","Group A","Croatia","Spain"
"8","MF","Ognjen Vukojevic",1983-12-20,"55","Dynamo Kyiv","Group A","Croatia","Ukraine"
"9","FW","Nikica Jelavic",1985-08-27,"33","Hull City","Group A","Croatia","England"
"10","MF","Luka Modric",1985-09-09,"74","Real Madrid","Group A","Croatia","Spain"
"11","DF","Darijo Srna (c)",1982-05-01,"112","Shakhtar Donetsk","Group A","Croatia","Ukraine"
"12","GK","Oliver Zelenika",1993-05-14,"0","Lokomotiva","Group A","Croatia","Croatia"
"13","DF","Gordon Schildenfeld",1985-03-18,"21","Panathinaikos","Group A","Croatia","Greece"
"14","MF","Marcelo Brozovic",1992-10-16,"0","Dinamo Zagreb","Group A","Croatia","Croatia"
"15","MF","Ivan Mocinic",1993-04-30,"0","Rijeka","Group A","Croatia","Croatia"
"16","FW","Ante Rebic",1993-09-21,"4","Fiorentina","Group A","Croatia","Italy"
"17","FW","Mario Mandžukic",1986-05-21,"49","Bayern Munich","Group A","Croatia","Germany"
"18","FW","Ivica Olic",1979-09-14,"91","VfL Wolfsburg","Group A","Croatia","Germany"
"19","MF","Sammir",1987-04-23,"5","Getafe","Group A","Croatia","Spain"
"20","MF","Mateo Kovacic",1994-05-06,"9","Internazionale","Group A","Croatia","Italy"
"21","DF","Domagoj Vida",1989-04-29,"23","Dynamo Kyiv","Group A","Croatia","Ukraine"
"22","FW","Eduardo",1983-02-25,"63","Shakhtar Donetsk","Group A","Croatia","Ukraine"
"23","GK","Danijel Subašic",1984-10-27,"6","Monaco","Group A","Croatia","Monaco"
"1","GK","José de Jesús Corona",1981-01-26,"33","Cruz Azul","Group A","Mexico","Mexico"
"2","DF","Francisco Javier Rodríguez",1981-10-20,"94","América","Group A","Mexico","Mexico"
"3","DF","Carlos Salcido",1980-04-02,"122","UANL","Group A","Mexico","Mexico"
"4","DF","Rafael Márquez (c)",1979-02-13,"119","León","Group A","Mexico","Mexico"
"5","DF","Diego Reyes",1992-09-19,"14","Porto","Group A","Mexico","Portugal"
"6","MF","Héctor Herrera",1990-04-19,"12","Porto","Group A","Mexico","Portugal"
"7","DF","Miguel Layún",1988-06-25,"14","América","Group A","Mexico","Mexico"
"8","MF","Marco Fabián",1989-07-21,"14","Cruz Azul","Group A","Mexico","Mexico"
"9","FW","Raúl Jiménez",1991-05-05,"25","América","Group A","Mexico","Mexico"
"10","FW","Giovani dos Santos",1989-05-11,"75","Villarreal","Group A","Mexico","Spain"
"11","FW","Alan Pulido",1991-03-08,"5","UANL","Group A","Mexico","Mexico"
"12","GK","Alfredo Talavera",1982-09-18,"14","Toluca","Group A","Mexico","Mexico"
"13","GK","Guillermo Ochoa",1985-07-13,"58","Ajaccio","Group A","Mexico","France"
"14","FW","Javier Hernández",1988-06-01,"61","Manchester United","Group A","Mexico","England"
"15","DF","Héctor Moreno",1988-01-17,"52","Espanyol","Group A","Mexico","Spain"
"16","DF","Miguel Ángel Ponce",1989-04-12,"8","Toluca","Group A","Mexico","Mexico"
"17","MF","Isaác Brizuela",1990-08-28,"7","Toluca","Group A","Mexico","Mexico"
"18","DF","Andrés Guardado",1986-09-28,"103","Bayer Leverkusen","Group A","Mexico","Germany"
"19","FW","Oribe Peralta",1984-01-12,"32","Santos Laguna","Group A","Mexico","Mexico"
"20","MF","Javier Aquino",1990-02-11,"21","Villarreal","Group A","Mexico","Spain"
"21","MF","Carlos Peña",1990-03-29,"16","León","Group A","Mexico","Mexico"
"22","DF","Paul Aguilar",1986-03-06,"29","América","Group A","Mexico","Mexico"
"23","MF","José Juan Vázquez",1988-03-14,"4","León","Group A","Mexico","Mexico"
"1","GK","Mathew Ryan",1992-04-08,"6","Club Brugge","Group B","Australia","Belgium"
"2","DF","Ivan Franjic",1987-09-10,"8","Brisbane Roar","Group B","Australia","Australia"
"3","DF","Jason Davidson",1991-06-29,"6","Heracles Almelo","Group B","Australia","Netherlands"
"4","FW","Tim Cahill",1979-12-06,"68","New York Red Bulls","Group B","Australia","United States"
"5","MF","Mark Milligan",1985-08-04,"28","Melbourne Victory","Group B","Australia","Australia"
"6","DF","Matthew Špiranovic",1988-06-27,"17","Western Sydney Wanderers","Group B","Australia","Australia"
"7","FW","Mathew Leckie",1991-02-04,"7","FSV Frankfurt","Group B","Australia","Germany"
"8","DF","Bailey Wright",1992-07-28,"0","Preston North End","Group B","Australia","England"
"9","FW","Adam Taggart",1993-06-02,"4","Newcastle Jets","Group B","Australia","Australia"
"10","MF","Ben Halloran",1992-06-14,"1","Fortuna Düsseldorf","Group B","Australia","Germany"
"11","MF","Tommy Oar",1991-12-10,"14","Utrecht","Group B","Australia","Netherlands"
"12","GK","Mitchell Langerak",1988-08-22,"3","Borussia Dortmund","Group B","Australia","Germany"
"13","MF","Oliver Bozanic",1989-01-08,"3","Luzern","Group B","Australia","Switzerland"
"14","MF","James Troisi",1988-07-03,"10","Atalanta","Group B","Australia","Italy"
"15","MF","Mile Jedinak (c)",1984-08-03,"43","Crystal Palace","Group B","Australia","England"
"16","MF","James Holland",1989-05-15,"13","Austria Wien","Group B","Australia","Austria"
"17","MF","Matt McKay",1983-01-11,"46","Brisbane Roar","Group B","Australia","Australia"
"18","GK","Eugene Galekovic",1981-06-12,"8","Adelaide United","Group B","Australia","Australia"
"19","DF","Ryan McGowan",1989-08-15,"9","Shandong Luneng Taishan","Group B","Australia","China"
"20","MF","Dario Vidošic",1987-04-08,"22","Sion","Group B","Australia","Switzerland"
"21","MF","Massimo Luongo",1992-09-25,"1","Swindon Town","Group B","Australia","England"
"22","DF","Alex Wilkinson",1984-08-13,"2","Jeonbuk Hyundai Motors","Group B","Australia","South Korea"
"23","MF","Mark Bresciano",1980-02-11,"73","Al-Gharafa","Group B","Australia","Qatar"
"1","GK","Claudio Bravo (c)",1983-04-13,"79","Real Sociedad","Group B","Chile","Spain"
"2","DF","Eugenio Mena",1988-07-18,"24","Santos","Group B","Chile","Brazil"
"3","DF","Miiko Albornoz",1990-11-03,"2","Malmö","Group B","Chile","Sweden"
"4","MF","Mauricio Isla",1988-06-12,"46","Juventus","Group B","Chile","Italy"
"5","MF","Francisco Silva",1986-02-11,"11","Osasuna","Group B","Chile","Spain"
"6","MF","Carlos Carmona",1987-02-21,"43","Atalanta","Group B","Chile","Italy"
"7","FW","Alexis Sánchez",1988-12-19,"66","Barcelona","Group B","Chile","Spain"
"8","MF","Arturo Vidal",1987-05-22,"53","Juventus","Group B","Chile","Italy"
"9","FW","Mauricio Pinilla",1984-02-04,"26","Cagliari","Group B","Chile","Italy"
"10","MF","Jorge Valdívia",1983-10-03,"56","Palmeiras","Group B","Chile","Brazil"
"11","FW","Eduardo Vargas",1989-11-20,"29","Valencia","Group B","Chile","Spain"
"12","GK","Cristopher Toselli",1988-06-22,"4","Universidad Católica","Group B","Chile","Chile"
"13","DF","José Rojas",1983-06-03,"18","Universidad de Chile","Group B","Chile","Chile"
"14","MF","Fabián Orellana",1986-01-27,"25","Celta Vigo","Group B","Chile","Spain"
"15","MF","Jean Beausejour",1984-06-03,"59","Wigan Athletic","Group B","Chile","England"
"16","MF","Felipe Gutiérrez",1990-10-08,"17","Twente","Group B","Chile","Netherlands"
"17","DF","Gary Medel",1987-08-03,"60","Cardiff City","Group B","Chile","Wales"
"18","DF","Gonzalo Jara",1985-08-29,"65","Nottingham Forest","Group B","Chile","England"
"19","MF","José Pedro Fuenzalida",1985-02-22,"23","Colo-Colo","Group B","Chile","Chile"
"20","MF","Charles Aránguiz",1989-04-17,"20","Internacional","Group B","Chile","Brazil"
"21","MF","Marcelo Díaz",1986-12-30,"20","Basel","Group B","Chile","Switzerland"
"22","FW","Esteban Paredes",1980-08-01,"34","Colo-Colo","Group B","Chile","Chile"
"23","GK","Johnny Herrera",1981-05-09,"7","Universidad de Chile","Group B","Chile","Chile"
"1","GK","Jasper Cillessen",1989-04-22,"7","Ajax","Group B","Netherlands","Netherlands"
"2","DF","Ron Vlaar",1985-02-16,"23","Aston Villa","Group B","Netherlands","England"
"3","DF","Stefan de Vrij",1992-02-05,"11","Feyenoord","Group B","Netherlands","Netherlands"
"4","DF","Bruno Martins Indi",1992-02-08,"15","Feyenoord","Group B","Netherlands","Netherlands"
"5","DF","Daley Blind",1990-03-09,"11","Ajax","Group B","Netherlands","Netherlands"
"6","MF","Jonathan de Guzmán",1987-09-13,"10","Swansea City","Group B","Netherlands","Wales"
"7","DF","Daryl Janmaat",1989-07-22,"15","Feyenoord","Group B","Netherlands","Netherlands"
"8","MF","Nigel de Jong",1984-11-13,"70","Milan","Group B","Netherlands","Italy"
"9","FW","Robin van Persie (c)",1983-08-06,"84","Manchester United","Group B","Netherlands","England"
"10","MF","Wesley Sneijder",1984-06-09,"98","Galatasaray","Group B","Netherlands","Turkey"
"11","MF","Arjen Robben",1984-01-23,"74","Bayern Munich","Group B","Netherlands","Germany"
"12","DF","Paul Verhaegh",1983-09-01,"2","Augsburg","Group B","Netherlands","Germany"
"13","DF","Joël Veltman",1992-01-15,"2","Ajax","Group B","Netherlands","Netherlands"
"14","DF","Terence Kongolo",1994-02-14,"1","Feyenoord","Group B","Netherlands","Netherlands"
"15","FW","Dirk Kuyt",1980-07-22,"98","Fenerbahçe","Group B","Netherlands","Turkey"
"16","MF","Jordy Clasie",1991-06-27,"8","Feyenoord","Group B","Netherlands","Netherlands"
"17","FW","Jeremain Lens",1987-11-24,"21","Dynamo Kyiv","Group B","Netherlands","Ukraine"
"18","MF","Leroy Fer",1990-01-05,"5","Norwich City","Group B","Netherlands","England"
"19","FW","Klaas-Jan Huntelaar",1983-08-12,"61","Schalke 04","Group B","Netherlands","Germany"
"20","MF","Georginio Wijnaldum",1990-11-11,"4","PSV","Group B","Netherlands","Netherlands"
"21","MF","Memphis Depay",1994-02-13,"6","PSV","Group B","Netherlands","Netherlands"
"22","GK","Michel Vorm",1983-10-03,"14","Swansea City","Group B","Netherlands","Wales"
"23","GK","Tim Krul",1988-04-03,"5","Newcastle United","Group B","Netherlands","England"
"1","GK","Iker Casillas (c)",1981-05-20,"153","Real Madrid","Group B","Spain","Spain"
"2","DF","Raúl Albiol",1985-09-04,"46","Napoli","Group B","Spain","Italy"
"3","DF","Gerard Piqué",1987-02-02,"60","Barcelona","Group B","Spain","Spain"
"4","MF","Javi Martínez",1988-09-02,"16","Bayern Munich","Group B","Spain","Germany"
"5","DF","Juanfran",1985-01-09,"6","Atlético Madrid","Group B","Spain","Spain"
"6","MF","Andrés Iniesta",1984-05-11,"95","Barcelona","Group B","Spain","Spain"
"7","FW","David Villa",1981-12-03,"94","Atlético Madrid","Group B","Spain","Spain"
"8","MF","Xavi",1980-01-25,"131","Barcelona","Group B","Spain","Spain"
"9","FW","Fernando Torres",1984-03-20,"107","Chelsea","Group B","Spain","England"
"10","MF","Cesc Fàbregas",1987-05-04,"88","Barcelona","Group B","Spain","Spain"
"11","FW","Pedro",1987-07-28,"38","Barcelona","Group B","Spain","Spain"
"12","GK","David de Gea",1990-11-07,"0","Manchester United","Group B","Spain","England"
"13","MF","Juan Mata",1988-04-28,"32","Manchester United","Group B","Spain","England"
"14","MF","Xabi Alonso",1981-11-25,"109","Real Madrid","Group B","Spain","Spain"
"15","DF","Sergio Ramos",1986-03-30,"115","Real Madrid","Group B","Spain","Spain"
"16","MF","Sergio Busquets",1988-07-16,"64","Barcelona","Group B","Spain","Spain"
"17","MF","Koke",1992-01-08,"7","Atlético Madrid","Group B","Spain","Spain"
"18","DF","Jordi Alba",1989-03-21,"25","Barcelona","Group B","Spain","Spain"
"19","FW","Diego Costa",1988-10-07,"1","Atlético Madrid","Group B","Spain","Spain"
"20","MF","Santi Cazorla",1984-12-13,"62","Arsenal","Group B","Spain","England"
"21","MF","David Silva",1986-01-08,"79","Manchester City","Group B","Spain","England"
"22","DF","César Azpilicueta",1989-08-28,"6","Chelsea","Group B","Spain","England"
"23","GK","Pepe Reina",1982-08-31,"31","Napoli","Group B","Spain","Italy"
"1","GK","David Ospina",1988-08-31,"42","Nice","Group C","Colombia","France"
"2","DF","Cristián Zapata",1986-09-30,"21","Milan","Group C","Colombia","Italy"
"3","DF","Mario Yepes (c)",1976-01-13,"96","Atalanta","Group C","Colombia","Italy"
"4","DF","Santiago Arias",1992-01-13,"5","PSV","Group C","Colombia","Netherlands"
"5","MF","Aldo Leão Ramírez",1981-04-18,"29","Morelia","Group C","Colombia","Mexico"
"6","MF","Carlos Sánchez",1986-02-06,"44","Elche","Group C","Colombia","Spain"
"7","DF","Pablo Armero",1986-11-02,"51","West Ham United","Group C","Colombia","England"
"8","MF","Abel Aguilar",1985-01-06,"48","Toulouse","Group C","Colombia","France"
"9","FW","Teófilo Gutiérrez",1985-05-28,"29","River Plate","Group C","Colombia","Argentina"
"10","MF","James Rodríguez",1991-07-12,"21","Monaco","Group C","Colombia","Monaco"
"11","MF","Juan Guillermo Cuadrado",1988-05-26,"26","Fiorentina","Group C","Colombia","Italy"
"12","GK","Camilo Vargas",1989-09-01,"0","Santa Fe","Group C","Colombia","Colombia"
"13","MF","Fredy Guarín",1986-06-30,"48","Internazionale","Group C","Colombia","Italy"
"14","MF","Víctor Ibarbo",1990-05-19,"8","Cagliari","Group C","Colombia","Italy"
"15","MF","Alexander Mejía",1988-09-07,"9","Atlético Nacional","Group C","Colombia","Colombia"
"16","DF","Éder Álvarez Balanta",1993-02-28,"2","River Plate","Group C","Colombia","Argentina"
"17","FW","Carlos Bacca",1986-09-08,"10","Sevilla","Group C","Colombia","Spain"
"18","DF","Juan Camilo Zúñiga",1985-12-14,"52","Napoli","Group C","Colombia","Italy"
"19","FW","Adrián Ramos",1986-01-22,"24","Hertha Berlin","Group C","Colombia","Germany"
"20","MF","Juan Fernando Quintero",1993-01-18,"4","Porto","Group C","Colombia","Portugal"
"21","FW","Jackson Martínez",1986-10-03,"27","Porto","Group C","Colombia","Portugal"
"22","GK","Faryd Mondragón",1971-06-21,"55","Deportivo Cali","Group C","Colombia","Colombia"
"23","DF","Carlos Valdés",1985-05-22,"13","San Lorenzo","Group C","Colombia","Argentina"
"1","GK","Orestis Karnezis",1985-07-11,"18","Granada","Group C","Greece","Spain"
"2","DF","Giannis Maniatis",1986-10-12,"29","Olympiacos","Group C","Greece","Greece"
"3","DF","Giorgos Tzavellas",1987-11-26,"13","PAOK","Group C","Greece","Greece"
"4","DF","Kostas Manolas",1991-06-14,"8","Olympiacos","Group C","Greece","Greece"
"5","DF","Vangelis Moras",1981-08-26,"18","Verona","Group C","Greece","Italy"
"6","MF","Alexandros Tziolis",1985-02-13,"49","Kayserispor","Group C","Greece","Turkey"
"7","FW","Giorgos Samaras",1985-02-21,"73","Celtic","Group C","Greece","Scotland"
"8","MF","Panagiotis Kone",1987-07-26,"15","Bologna","Group C","Greece","Italy"
"9","FW","Kostas Mitroglou",1988-03-12,"31","Fulham","Group C","Greece","England"
"10","MF","Giorgos Karagounis (c)",1977-03-06,"134","Fulham","Group C","Greece","England"
"11","DF","Loukas Vyntra",1981-02-05,"49","Levante","Group C","Greece","Spain"
"12","GK","Panagiotis Glykos",1986-06-03,"2","PAOK","Group C","Greece","Greece"
"13","GK","Stefanos Kapino",1994-03-18,"2","Panathinaikos","Group C","Greece","Greece"
"14","FW","Dimitris Salpingidis",1981-08-18,"75","PAOK","Group C","Greece","Greece"
"15","DF","Vasilis Torosidis",1985-06-10,"65","Roma","Group C","Greece","Italy"
"16","MF","Lazaros Christodoulopoulos",1986-12-19,"18","Bologna","Group C","Greece","Italy"
"17","FW","Theofanis Gekas",1980-05-23,"71","Konyaspor","Group C","Greece","Turkey"
"18","MF","Giannis Fetfatzidis",1990-12-21,"18","Genoa","Group C","Greece","Italy"
"19","DF","Sokratis Papastathopoulos",1988-06-09,"47","Borussia Dortmund","Group C","Greece","Germany"
"20","DF","José Holebas",1984-06-27,"21","Olympiacos","Group C","Greece","Greece"
"21","MF","Kostas Katsouranis",1979-06-21,"110","PAOK","Group C","Greece","Greece"
"22","MF","Andreas Samaris",1989-06-13,"4","Olympiacos","Group C","Greece","Greece"
"23","MF","Panagiotis Tachtsidis",1991-02-15,"5","Torino","Group C","Greece","Italy"
"–","GK","Boubacar Barry",1979-12-30,"79","Lokeren","Group C","Ivory Coast","Belgium"
"–","GK","Sylvain Gbohouo",1988-10-29,"1","Séwé Sport","Group C","Ivory Coast","Ivory Coast"
"–","GK","Sayouba Mandé",1993-06-05,"1","Stabæk","Group C","Ivory Coast","Norway"
"–","DF","Didier Zokora",1980-12-14,"119","Trabzonspor","Group C","Ivory Coast","Turkey"
"–","DF","Kolo Touré",1981-03-19,"106","Liverpool","Group C","Ivory Coast","England"
"–","DF","Arthur Boka",1983-04-02,"79","VfB Stuttgart","Group C","Ivory Coast","Germany"
"–","DF","Sol Bamba",1985-01-13,"43","Trabzonspor","Group C","Ivory Coast","Turkey"
"–","DF","Serge Aurier",1992-12-24,"8","Toulouse","Group C","Ivory Coast","France"
"–","DF","Constant Djakpa",1986-10-17,"4","Eintracht Frankfurt","Group C","Ivory Coast","Germany"
"–","DF","Ousmane Viera",1986-12-21,"3","Çaykur Rizespor","Group C","Ivory Coast","Turkey"
"–","DF","Jean-Daniel Akpa-Akpro",1992-10-11,"1","Toulouse","Group C","Ivory Coast","France"
"–","MF","Yaya Touré",1983-05-13,"83","Manchester City","Group C","Ivory Coast","England"
"–","MF","Cheick Tioté",1986-06-21,"44","Newcastle United","Group C","Ivory Coast","England"
"–","MF","Didier Ya Konan",1984-02-25,"25","Hannover 96","Group C","Ivory Coast","Germany"
"–","MF","Serey Die",1984-11-07,"6","Basel","Group C","Ivory Coast","Switzerland"
"–","MF","Ismaël Diomandé",1992-08-28,"1","Saint-Étienne","Group C","Ivory Coast","France"
"–","FW","Didier Drogba (c)",1978-03-11,"100","Galatasaray","Group C","Ivory Coast","Turkey"
"–","FW","Salomon Kalou",1985-08-05,"64","Lille","Group C","Ivory Coast","France"
"–","FW","Gervinho",1987-05-27,"53","Roma","Group C","Ivory Coast","Italy"
"–","FW","Max Gradel",1987-11-30,"25","Saint-Étienne","Group C","Ivory Coast","France"
"–","FW","Wilfried Bony",1988-12-10,"24","Swansea City","Group C","Ivory Coast","Wales"
"–","FW","Giovanni Sio",1989-03-31,"7","Basel","Group C","Ivory Coast","Switzerland"
"–","FW","Mathis Bolly",1990-11-14,"3","Fortuna Düsseldorf","Group C","Ivory Coast","Germany"
"1","GK","Eiji Kawashima",1983-03-20,"56","Standard Liège","Group C","Japan","Belgium"
"2","DF","Atsuto Uchida",1988-03-27,"67","Schalke 04","Group C","Japan","Germany"
"3","DF","Gotoku Sakai",1991-02-14,"12","VfB Stuttgart","Group C","Japan","Germany"
"4","MF","Keisuke Honda",1986-06-13,"55","Milan","Group C","Japan","Italy"
"5","DF","Yuto Nagatomo",1986-09-12,"69","Internazionale","Group C","Japan","Italy"
"6","DF","Masato Morishige",1987-05-21,"9","F.C. Tokyo","Group C","Japan","Japan"
"7","MF","Yasuhito Endo",1980-01-28,"143","Gamba Osaka","Group C","Japan","Japan"
"8","MF","Hiroshi Kiyotake",1989-11-12,"25","1. FC Nürnberg","Group C","Japan","Germany"
"9","FW","Shinji Okazaki",1986-04-16,"75","Mainz 05","Group C","Japan","Germany"
"10","MF","Shinji Kagawa",1989-03-17,"56","Manchester United","Group C","Japan","England"
"11","FW","Yoichiro Kakitani",1990-01-03,"11","Cerezo Osaka","Group C","Japan","Japan"
"12","GK","Shusaku Nishikawa",1986-06-18,"12","Urawa Red Diamonds","Group C","Japan","Japan"
"13","FW","Yoshito Okubo",1982-06-09,"56","Kawasaki Frontale","Group C","Japan","Japan"
"14","MF","Toshihiro Aoyama",1986-02-22,"5","Sanfrecce Hiroshima","Group C","Japan","Japan"
"15","DF","Yasuyuki Konno",1983-01-25,"80","Gamba Osaka","Group C","Japan","Japan"
"16","MF","Hotaru Yamaguchi",1990-10-06,"11","Cerezo Osaka","Group C","Japan","Japan"
"17","MF","Makoto Hasebe (c)",1984-01-18,"78","1. FC Nürnberg","Group C","Japan","Germany"
"18","FW","Yuya Osako",1990-05-18,"8","1860 München","Group C","Japan","Germany"
"19","DF","Masahiko Inoha",1983-08-28,"21","Jubilo Iwata","Group C","Japan","Japan"
"20","FW","Manabu Saito",1990-04-04,"4","Yokohama F. Marinos","Group C","Japan","Japan"
"21","DF","Hiroki Sakai",1990-04-12,"17","Hannover 96","Group C","Japan","Germany"
"22","DF","Maya Yoshida",1988-08-24,"40","Southampton","Group C","Japan","England"
"23","GK","Shuichi Gonda",1989-03-03,"2","F.C. Tokyo","Group C","Japan","Japan"
"1","GK","Keylor Navas",1986-12-15,"52","Levante","Group D","Costa Rica","Spain"
"2","DF","Johnny Acosta",1983-07-21,"25","Alajuelense","Group D","Costa Rica","Costa Rica"
"3","DF","Giancarlo González",1988-02-08,"34","Columbus Crew","Group D","Costa Rica","United States"
"4","DF","Michael Umaña",1982-07-16,"82","Saprissa","Group D","Costa Rica","Costa Rica"
"5","MF","Celso Borges",1988-05-27,"62","AIK","Group D","Costa Rica","Sweden"
"6","DF","Óscar Duarte",1989-06-03,"10","Club Brugge","Group D","Costa Rica","Belgium"
"7","MF","Christian Bolaños",1984-05-17,"54","Copenhagen","Group D","Costa Rica","Denmark"
"8","DF","Heiner Mora",1984-06-20,"21","Saprissa","Group D","Costa Rica","Costa Rica"
"9","FW","Joel Campbell",1992-06-26,"32","Olympiacos","Group D","Costa Rica","Greece"
"10","FW","Bryan Ruiz (c)",1985-08-18,"62","PSV","Group D","Costa Rica","Netherlands"
"11","MF","Michael Barrantes",1983-10-04,"50","Aalesund","Group D","Costa Rica","Norway"
"12","DF","Waylon Francis",1990-09-20,"1","Columbus Crew","Group D","Costa Rica","United States"
"13","MF","Esteban Granados",1985-10-25,"11","Herediano","Group D","Costa Rica","Costa Rica"
"14","FW","Randall Brenes",1983-08-13,"38","Cartaginés","Group D","Costa Rica","Costa Rica"
"15","DF","Júnior Díaz",1983-09-12,"61","Mainz 05","Group D","Costa Rica","Germany"
"16","DF","Cristian Gamboa",1989-10-24,"25","Rosenborg","Group D","Costa Rica","Norway"
"17","MF","Yeltsin Tejeda",1992-03-17,"22","Saprissa","Group D","Costa Rica","Costa Rica"
"18","GK","Patrick Pemberton",1982-04-24,"20","Alajuelense","Group D","Costa Rica","Costa Rica"
"19","DF","Roy Miller",1984-11-24,"48","New York Red Bulls","Group D","Costa Rica","United States"
"20","MF","Diego Calvo",1991-03-25,"9","Vålerenga","Group D","Costa Rica","Norway"
"21","FW","Marco Ureña",1990-03-05,"23","Kuban Krasnodar","Group D","Costa Rica","Russia"
"22","MF","José Miguel Cubero",1987-02-14,"34","Herediano","Group D","Costa Rica","Costa Rica"
"23","GK","Daniel Cambronero",1986-01-08,"4","Herediano","Group D","Costa Rica","Costa Rica"
"1","GK","Joe Hart",1987-05-19,"40","Manchester City","Group D","England","England"
"2","DF","Glen Johnson",1984-08-23,"51","Liverpool","Group D","England","England"
"3","DF","Leighton Baines",1984-12-11,"23","Everton","Group D","England","England"
"4","MF","Steven Gerrard (c)",1980-05-30,"110","Liverpool","Group D","England","England"
"5","DF","Gary Cahill",1985-12-19,"23","Chelsea","Group D","England","England"
"6","DF","Phil Jagielka",1982-08-17,"25","Everton","Group D","England","England"
"7","MF","Jack Wilshere",1992-01-01,"16","Arsenal","Group D","England","England"
"8","MF","Frank Lampard",1978-06-20,"103","Chelsea","Group D","England","England"
"9","FW","Daniel Sturridge",1989-09-01,"11","Liverpool","Group D","England","England"
"10","FW","Wayne Rooney",1985-10-24,"90","Manchester United","Group D","England","England"
"11","FW","Danny Welbeck",1990-11-26,"22","Manchester United","Group D","England","England"
"12","DF","Chris Smalling",1989-11-22,"11","Manchester United","Group D","England","England"
"13","GK","Ben Foster",1983-05-03,"6","West Bromwich Albion","Group D","England","England"
"14","MF","Jordan Henderson",1990-06-17,"9","Liverpool","Group D","England","England"
"15","MF","Alex Oxlade-Chamberlain",1993-08-15,"14","Arsenal","Group D","England","England"
"16","DF","Phil Jones",1992-02-21,"9","Manchester United","Group D","England","England"
"17","MF","James Milner",1986-01-04,"46","Manchester City","Group D","England","England"
"18","FW","Rickie Lambert",1982-02-16,"4","Southampton","Group D","England","England"
"19","MF","Raheem Sterling",1994-12-08,"3","Liverpool","Group D","England","England"
"20","MF","Adam Lallana",1988-05-10,"4","Southampton","Group D","England","England"
"21","MF","Ross Barkley",1993-12-05,"4","Everton","Group D","England","England"
"22","GK","Fraser Forster",1988-03-17,"1","Celtic","Group D","England","Scotland"
"23","DF","Luke Shaw",1995-07-12,"1","Southampton","Group D","England","England"
"1","GK","Gianluigi Buffon (c)",1978-01-28,"139","Juventus","Group D","Italy","Italy"
"2","DF","Mattia De Sciglio",1992-10-20,"10","Milan","Group D","Italy","Italy"
"3","DF","Giorgio Chiellini",1984-08-14,"67","Juventus","Group D","Italy","Italy"
"4","DF","Matteo Darmian",1989-12-02,"1","Torino","Group D","Italy","Italy"
"5","MF","Thiago Motta",1982-08-28,"20","Paris Saint-Germain","Group D","Italy","France"
"6","MF","Antonio Candreva",1987-02-28,"19","Lazio","Group D","Italy","Italy"
"7","DF","Ignazio Abate",1986-11-12,"19","Milan","Group D","Italy","Italy"
"8","MF","Claudio Marchisio",1986-01-19,"43","Juventus","Group D","Italy","Italy"
"9","FW","Mario Balotelli",1990-08-12,"29","Milan","Group D","Italy","Italy"
"10","FW","Antonio Cassano",1982-07-12,"36","Parma","Group D","Italy","Italy"
"11","FW","Alessio Cerci",1987-07-23,"11","Torino","Group D","Italy","Italy"
"12","GK","Salvatore Sirigu",1987-01-12,"8","Paris Saint-Germain","Group D","Italy","France"
"13","GK","Mattia Perin",1992-11-10,"0","Genoa","Group D","Italy","Italy"
"14","MF","Alberto Aquilani",1984-07-07,"34","Fiorentina","Group D","Italy","Italy"
"15","DF","Andrea Barzagli",1981-05-08,"47","Juventus","Group D","Italy","Italy"
"16","MF","Daniele De Rossi",1983-07-24,"94","Roma","Group D","Italy","Italy"
"17","FW","Ciro Immobile",1990-02-20,"2","Torino","Group D","Italy","Italy"
"18","MF","Marco Parolo",1985-01-25,"3","Parma","Group D","Italy","Italy"
"19","DF","Leonardo Bonucci",1987-05-01,"36","Juventus","Group D","Italy","Italy"
"20","DF","Gabriel Paletta",1986-02-15,"2","Parma","Group D","Italy","Italy"
"21","MF","Andrea Pirlo",1979-05-19,"108","Juventus","Group D","Italy","Italy"
"22","FW","Lorenzo Insigne",1991-06-04,"4","Napoli","Group D","Italy","Italy"
"23","MF","Marco Verratti",1992-11-05,"5","Paris Saint-Germain","Group D","Italy","France"
"1","GK","Fernando Muslera",1986-06-16,"57","Galatasaray","Group D","Uruguay","Turkey"
"2","DF","Diego Lugano (c)",1980-11-02,"93","West Bromwich Albion","Group D","Uruguay","England"
"3","DF","Diego Godín",1986-02-16,"76","Atlético Madrid","Group D","Uruguay","Spain"
"4","DF","Sebastián Coates",1990-10-07,"14","Nacional","Group D","Uruguay","Uruguay"
"5","MF","Walter Gargano",1984-07-23,"62","Parma","Group D","Uruguay","Italy"
"6","MF","Álvaro Pereira",1985-11-28,"56","São Paulo","Group D","Uruguay","Brazil"
"7","MF","Cristian Rodríguez",1985-09-30,"72","Atlético Madrid","Group D","Uruguay","Spain"
"8","FW","Abel Hernández",1990-08-08,"12","Palermo","Group D","Uruguay","Italy"
"9","FW","Luis Suárez",1987-01-24,"77","Liverpool","Group D","Uruguay","England"
"10","FW","Diego Forlán",1979-05-19,"109","Cerezo Osaka","Group D","Uruguay","Japan"
"11","FW","Christian Stuani",1986-10-12,"9","Espanyol","Group D","Uruguay","Spain"
"12","GK","Rodrigo Muñoz",1982-01-22,"0","Libertad","Group D","Uruguay","Paraguay"
"13","DF","Jorge Fucile",1984-11-19,"41","Porto","Group D","Uruguay","Portugal"
"14","MF","Nicolás Lodeiro",1989-03-21,"26","Botafogo","Group D","Uruguay","Brazil"
"15","MF","Diego Pérez",1980-05-18,"89","Bologna","Group D","Uruguay","Italy"
"16","DF","Maxi Pereira",1984-06-08,"89","Benfica","Group D","Uruguay","Portugal"
"17","MF","Egidio Arévalo Ríos",1982-01-01,"54","Morelia","Group D","Uruguay","Mexico"
"18","MF","Gastón Ramírez",1990-12-02,"28","Southampton","Group D","Uruguay","England"
"19","DF","José María Giménez",1995-01-20,"5","Atlético Madrid","Group D","Uruguay","Spain"
"20","MF","Álvaro González",1984-10-29,"42","Lazio","Group D","Uruguay","Italy"
"21","FW","Edinson Cavani",1987-02-14,"61","Paris Saint-Germain","Group D","Uruguay","France"
"22","DF","Martín Cáceres",1987-04-07,"56","Juventus","Group D","Uruguay","Italy"
"23","GK","Martín Silva",1983-03-25,"4","Vasco da Gama","Group D","Uruguay","Brazil"
"1","GK","Máximo Banguera",1985-12-16,"24","Barcelona","Group E","Ecuador","Ecuador"
"2","DF","Jorge Guagua",1981-09-28,"58","Emelec","Group E","Ecuador","Ecuador"
"3","DF","Frickson Erazo",1988-05-05,"36","Flamengo","Group E","Ecuador","Brazil"
"4","DF","Juan Carlos Paredes",1987-07-08,"37","Barcelona","Group E","Ecuador","Ecuador"
"5","MF","Renato Ibarra",1991-01-20,"17","Vitesse","Group E","Ecuador","Netherlands"
"6","MF","Christian Noboa",1985-04-09,"41","Dynamo Moscow","Group E","Ecuador","Russia"
"7","MF","Jefferson Montero",1989-09-01,"39","Morelia","Group E","Ecuador","Mexico"
"8","MF","Édison Méndez",1979-03-15,"109","Santa Fe","Group E","Ecuador","Colombia"
"9","MF","Joao Rojas",1989-06-14,"29","Cruz Azul","Group E","Ecuador","Mexico"
"10","DF","Walter Ayoví",1979-08-11,"89","Pachuca","Group E","Ecuador","Mexico"
"11","FW","Felipe Caicedo",1988-09-05,"49","Al-Jazira","Group E","Ecuador","U.A.E."
"12","GK","Adrián Bone",1988-09-08,"3","El Nacional","Group E","Ecuador","Ecuador"
"13","FW","Enner Valencia",1989-04-11,"9","Pachuca","Group E","Ecuador","Mexico"
"14","MF","Segundo Castillo",1982-05-15,"81","Al-Hilal","Group E","Ecuador","Saudi Arabia"
"15","MF","Michael Arroyo",1987-04-23,"20","Atlante","Group E","Ecuador","Mexico"
"16","MF","Antonio Valencia (c)",1985-08-04,"70","Manchester United","Group E","Ecuador","England"
"17","FW","Jaime Ayoví",1988-02-21,"30","Tijuana","Group E","Ecuador","Mexico"
"18","DF","Óscar Bagüí",1982-12-10,"21","Emelec","Group E","Ecuador","Ecuador"
"19","MF","Luis Saritama",1983-10-20,"48","Barcelona","Group E","Ecuador","Ecuador"
"20","MF","Fidel Martínez",1990-02-15,"8","Tijuana","Group E","Ecuador","Mexico"
"21","DF","Gabriel Achilier",1985-03-24,"22","Emelec","Group E","Ecuador","Ecuador"
"22","GK","Alexander Domínguez",1987-06-05,"18","LDU Quito","Group E","Ecuador","Ecuador"
"23","MF","Carlos Gruezo",1995-04-19,"2","VfB Stuttgart","Group E","Ecuador","Germany"
"1","GK","Hugo Lloris (c)",1986-12-26,"56","Tottenham Hotspur","Group E","France","England"
"2","DF","Mathieu Debuchy",1985-07-28,"20","Newcastle United","Group E","France","England"
"3","DF","Patrice Evra",1981-05-15,"57","Manchester United","Group E","France","England"
"4","DF","Raphaël Varane",1993-04-25,"5","Real Madrid","Group E","France","Spain"
"5","DF","Mamadou Sakho",1990-02-13,"18","Liverpool","Group E","France","England"
"6","MF","Yohan Cabaye",1986-01-14,"29","Paris Saint-Germain","Group E","France","France"
"7","MF","Franck Ribéry",1983-04-07,"81","Bayern Munich","Group E","France","Germany"
"8","MF","Mathieu Valbuena",1984-09-28,"33","Marseille","Group E","France","France"
"9","FW","Olivier Giroud",1986-09-30,"29","Arsenal","Group E","France","England"
"10","FW","Karim Benzema",1987-12-19,"65","Real Madrid","Group E","France","Spain"
"11","MF","Antoine Griezmann",1991-03-21,"3","Real Sociedad","Group E","France","Spain"
"12","MF","Rio Mavuba",1984-03-08,"11","Lille","Group E","France","France"
"13","DF","Eliaquim Mangala",1991-02-13,"3","Porto","Group E","France","Portugal"
"14","MF","Blaise Matuidi",1987-04-09,"22","Paris Saint-Germain","Group E","France","France"
"15","DF","Bacary Sagna",1983-02-14,"40","Arsenal","Group E","France","England"
"16","GK","Stéphane Ruffier[33]",1986-09-27,"2","Saint-Étienne","Group E","France","France"
"17","DF","Lucas Digne",1993-07-20,"2","Paris Saint-Germain","Group E","France","France"
"18","MF","Moussa Sissoko",1989-08-16,"16","Newcastle United","Group E","France","England"
"19","MF","Paul Pogba",1993-03-15,"10","Juventus","Group E","France","Italy"
"20","FW","Loïc Rémy",1987-01-02,"24","Newcastle United","Group E","France","England"
"21","DF","Laurent Koscielny",1985-09-10,"17","Arsenal","Group E","France","England"
"22","MF","Clément Grenier",1991-01-07,"5","Lyon","Group E","France","France"
"23","GK","Mickaël Landreau",1979-05-14,"11","Bastia","Group E","France","France"
"1","GK","Luis López",1993-09-13,"0","Real España","Group E","Honduras","Honduras"
"2","DF","Osman Chávez",1984-07-29,"54","Qingdao Jonoon","Group E","Honduras","China"
"3","DF","Maynor Figueroa",1983-05-02,"104","Hull City","Group E","Honduras","England"
"4","DF","Juan Pablo Montes",1985-10-26,"11","Motagua","Group E","Honduras","Honduras"
"5","DF","Víctor Bernárdez",1982-05-24,"77","San Jose Earthquakes","Group E","Honduras","United States"
"6","DF","Juan Carlos García",1988-03-08,"33","Wigan Athletic","Group E","Honduras","England"
"7","DF","Emilio Izaguirre",1986-05-10,"67","Celtic","Group E","Honduras","Scotland"
"8","MF","Wilson Palacios",1984-07-29,"94","Stoke City","Group E","Honduras","England"
"9","FW","Jerry Palacios",1981-11-01,"23","Alajuelense","Group E","Honduras","Costa Rica"
"10","MF","Mario Martínez",1989-07-30,"35","Real España","Group E","Honduras","Honduras"
"11","FW","Jerry Bengtson",1987-04-08,"43","New England Revolution","Group E","Honduras","United States"
"12","MF","Edder Delgado[35]",1986-11-20,"25","Real España","Group E","Honduras","Honduras"
"13","FW","Carlo Costly",1982-07-18,"69","Real España","Group E","Honduras","Honduras"
"14","MF","Óscar García",1984-09-04,"92","Houston Dynamo","Group E","Honduras","United States"
"15","MF","Roger Espinoza",1986-10-25,"41","Wigan Athletic","Group E","Honduras","England"
"16","FW","Rony Martínez",1988-10-16,"12","Real Sociedad","Group E","Honduras","Honduras"
"17","MF","Marvin Chávez",1983-11-03,"41","Chivas USA","Group E","Honduras","United States"
"18","GK","Noel Valladares (c)",1977-05-03,"121","Olimpia","Group E","Honduras","Honduras"
"19","MF","Luis Garrido",1990-11-05,"19","Olimpia","Group E","Honduras","Honduras"
"20","MF","Jorge Claros",1986-01-08,"48","Motagua","Group E","Honduras","Honduras"
"21","MF","Andy Najar",1993-03-16,"16","Anderlecht","Group E","Honduras","Belgium"
"22","GK","Donis Escober",1980-02-03,"26","Olimpia","Group E","Honduras","Honduras"
"23","DF","Brayan Beckeles",1985-11-28,"22","Olimpia","Group E","Honduras","Honduras"
"1","GK","Diego Benaglio",1983-09-08,"56","VfL Wolfsburg","Group E","Switzerland","Germany"
"2","DF","Stephan Lichtsteiner",1984-01-16,"62","Juventus","Group E","Switzerland","Italy"
"3","DF","Reto Ziegler",1986-01-16,"35","Sassuolo","Group E","Switzerland","Italy"
"4","DF","Philippe Senderos",1985-02-14,"53","Valencia","Group E","Switzerland","Spain"
"5","DF","Steve von Bergen",1983-06-10,"40","Young Boys","Group E","Switzerland","Switzerland"
"6","DF","Michael Lang",1991-02-08,"5","Grasshopper","Group E","Switzerland","Switzerland"
"7","MF","Tranquillo Barnetta",1985-05-22,"73","Eintracht Frankfurt","Group E","Switzerland","Germany"
"8","MF","Gökhan Inler (c)",1984-06-27,"71","Napoli","Group E","Switzerland","Italy"
"9","FW","Haris Seferovic",1992-02-22,"10","Real Sociedad","Group E","Switzerland","Spain"
"10","MF","Granit Xhaka",1992-09-27,"25","Borussia Mönchengladbach","Group E","Switzerland","Germany"
"11","MF","Valon Behrami",1985-04-19,"47","Napoli","Group E","Switzerland","Italy"
"12","GK","Yann Sommer",1988-12-17,"6","Basel","Group E","Switzerland","Switzerland"
"13","DF","Ricardo Rodríguez",1992-08-25,"20","VfL Wolfsburg","Group E","Switzerland","Germany"
"14","MF","Valentin Stocker",1989-04-12,"23","Basel","Group E","Switzerland","Switzerland"
"15","MF","Blerim Džemaili",1986-04-12,"33","Napoli","Group E","Switzerland","Italy"
"16","MF","Gelson Fernandes",1986-09-02,"47","SC Freiburg","Group E","Switzerland","Germany"
"17","FW","Mario Gavranovic",1989-11-24,"10","Zürich","Group E","Switzerland","Switzerland"
"18","FW","Admir Mehmedi",1991-03-16,"20","SC Freiburg","Group E","Switzerland","Germany"
"19","FW","Josip Drmic",1992-08-08,"6","1. FC Nürnberg","Group E","Switzerland","Germany"
"20","DF","Johan Djourou",1987-01-18,"44","Hamburger SV","Group E","Switzerland","Germany"
"21","GK","Roman Bürki",1990-11-14,"0","Grasshopper","Group E","Switzerland","Switzerland"
"22","DF","Fabian Schär",1991-12-20,"5","Basel","Group E","Switzerland","Switzerland"
"23","MF","Xherdan Shaqiri",1991-10-10,"32","Bayern Munich","Group E","Switzerland","Germany"
"1","GK","Sergio Romero",1987-02-22,"45","Monaco","Group F","Argentina","Monaco"
"2","DF","Ezequiel Garay",1986-10-10,"18","Benfica","Group F","Argentina","Portugal"
"3","DF","Hugo Campagnaro",1980-06-27,"13","Internazionale","Group F","Argentina","Italy"
"4","DF","Pablo Zabaleta",1985-01-16,"36","Manchester City","Group F","Argentina","England"
"5","MF","Fernando Gago",1986-04-10,"47","Boca Juniors","Group F","Argentina","Argentina"
"6","MF","Lucas Biglia",1986-01-30,"16","Lazio","Group F","Argentina","Italy"
"7","MF","Ángel di María",1988-02-14,"45","Real Madrid","Group F","Argentina","Spain"
"8","MF","Enzo Pérez",1986-02-22,"5","Benfica","Group F","Argentina","Portugal"
"9","FW","Gonzalo Higuaín",1987-12-10,"36","Napoli","Group F","Argentina","Italy"
"10","FW","Lionel Messi (c)",1987-06-24,"84","Barcelona","Group F","Argentina","Spain"
"11","MF","Maxi Rodríguez",1981-01-02,"53","Newell's Old Boys","Group F","Argentina","Argentina"
"12","GK","Agustín Orión",1981-07-26,"3","Boca Juniors","Group F","Argentina","Argentina"
"13","MF","Augusto Fernández",1986-04-10,"7","Celta Vigo","Group F","Argentina","Spain"
"14","MF","Javier Mascherano",1984-06-08,"96","Barcelona","Group F","Argentina","Spain"
"15","DF","Martín Demichelis",1980-12-20,"37","Manchester City","Group F","Argentina","England"
"16","DF","Marcos Rojo",1990-03-20,"20","Sporting","Group F","Argentina","Portugal"
"17","DF","Federico Fernández",1989-02-21,"24","Napoli","Group F","Argentina","Italy"
"18","FW","Rodrigo Palacio",1982-02-05,"15","Internazionale","Group F","Argentina","Italy"
"19","MF","Ricardo Álvarez",1988-04-12,"5","Internazionale","Group F","Argentina","Italy"
"20","FW","Sergio Agüero",1988-06-02,"50","Manchester City","Group F","Argentina","England"
"21","GK","Mariano Andújar",1983-07-30,"10","Catania","Group F","Argentina","Italy"
"22","FW","Ezequiel Lavezzi",1985-05-03,"29","Paris Saint-Germain","Group F","Argentina","France"
"23","DF","José María Basanta",1984-04-03,"8","Monterrey","Group F","Argentina","Mexico"
"1","GK","Asmir Avdukic",1981-05-13,"3","Borac Banja Luka","Group F","Bosnia & Herz.","Bosnia & Herz."
"2","DF","Avdija Vršajevic",1986-03-06,"13","Hajduk Split","Group F","Bosnia & Herz.","Croatia"
"3","DF","Ermin Bicakcic",1990-01-24,"7","Eintracht Braunschweig","Group F","Bosnia & Herz.","Germany"
"4","DF","Emir Spahic (c)",1980-08-18,"74","Bayer Leverkusen","Group F","Bosnia & Herz.","Germany"
"5","DF","Sead Kolašinac",1993-06-20,"4","Schalke 04","Group F","Bosnia & Herz.","Germany"
"6","DF","Ognjen Vranješ",1989-10-24,"13","Elazigspor","Group F","Bosnia & Herz.","Turkey"
"7","DF","Muhamed Bešic",1992-09-10,"9","Ferencváros","Group F","Bosnia & Herz.","Hungary"
"8","MF","Miralem Pjanic",1990-04-02,"48","Roma","Group F","Bosnia & Herz.","Italy"
"9","FW","Vedad Ibiševic",1984-08-06,"55","VfB Stuttgart","Group F","Bosnia & Herz.","Germany"
"10","MF","Zvjezdan Misimovic",1982-06-05,"82","Guizhou Renhe","Group F","Bosnia & Herz.","China"
"11","FW","Edin Džeko",1986-03-17,"62","Manchester City","Group F","Bosnia & Herz.","England"
"12","GK","Jasmin Fejzic",1986-05-15,"0","VfR Aalen","Group F","Bosnia & Herz.","Germany"
"13","DF","Mensur Mujdža",1984-03-28,"24","SC Freiburg","Group F","Bosnia & Herz.","Germany"
"14","MF","Izet Hajrovic",1991-08-04,"7","Galatasaray","Group F","Bosnia & Herz.","Turkey"
"15","DF","Toni Šunjic",1988-12-15,"7","Zorya Luhansk","Group F","Bosnia & Herz.","Ukraine"
"16","MF","Senad Lulic",1986-01-18,"33","Lazio","Group F","Bosnia & Herz.","Italy"
"17","MF","Senijad Ibricic",1985-09-26,"42","Kayseri Erciyesspor","Group F","Bosnia & Herz.","Turkey"
"18","MF","Haris Medunjanin",1985-03-08,"35","Gaziantepspor","Group F","Bosnia & Herz.","Turkey"
"19","FW","Edin Višca",1990-02-17,"10","Istanbul BB","Group F","Bosnia & Herz.","Turkey"
"20","MF","Anel Hadžic",1989-08-16,"2","Sturm Graz","Group F","Bosnia & Herz.","Austria"
"21","MF","Tino-Sven Sušic",1992-02-13,"2","Hajduk Split","Group F","Bosnia & Herz.","Croatia"
"22","GK","Asmir Begovic",1987-06-20,"30","Stoke City","Group F","Bosnia & Herz.","England"
"23","MF","Sejad Salihovic",1984-10-08,"42","1899 Hoffenheim","Group F","Bosnia & Herz.","Germany"
"1","GK","Rahman Ahmadi",1980-07-30,"10","Sepahan","Group F","Iran","Iran"
"2","MF","Khosro Heydari",1983-09-14,"48","Esteghlal","Group F","Iran","Iran"
"3","MF","Ehsan Hajsafi",1990-02-25,"61","Sepahan","Group F","Iran","Iran"
"4","DF","Jalal Hosseini",1982-02-03,"84","Persepolis","Group F","Iran","Iran"
"5","DF","Amir Hossein Sadeghi",1981-09-06,"16","Esteghlal","Group F","Iran","Iran"
"6","MF","Javad Nekounam (c)",1980-10-07,"139","Al-Kuwait","Group F","Iran","Kuwait"
"7","MF","Masoud Shojaei",1984-06-09,"49","Las Palmas","Group F","Iran","Spain"
"8","MF","Reza Haghighi",1989-02-01,"7","Persepolis","Group F","Iran","Iran"
"9","FW","Alireza Jahanbakhsh",1993-08-11,"6","NEC","Group F","Iran","Netherlands"
"10","FW","Karim Ansarifard",1990-04-03,"41","Tractor Sazi","Group F","Iran","Iran"
"11","MF","Ghasem Haddadifar",1983-07-12,"16","Zob Ahan","Group F","Iran","Iran"
"12","GK","Alireza Haghighi",1988-05-02,"5","Sporting Covilhã","Group F","Iran","Portugal"
"13","DF","Hossein Mahini",1986-09-16,"21","Persepolis","Group F","Iran","Iran"
"14","MF","Andranik Teymourian",1983-03-06,"78","Esteghlal","Group F","Iran","Iran"
"15","DF","Pejman Montazeri",1983-09-06,"21","Umm Salal","Group F","Iran","Qatar"
"16","FW","Reza Ghoochannejhad",1987-09-20,"13","Charlton Athletic","Group F","Iran","England"
"17","DF","Ahmad Alenemeh",1982-10-10,"9","Naft Tehran","Group F","Iran","Iran"
"18","MF","Bakhtiar Rahmani",1991-09-23,"4","Foolad","Group F","Iran","Iran"
"19","DF","Hashem Beikzadeh",1984-01-22,"17","Esteghlal","Group F","Iran","Iran"
"20","DF","Steven Beitashour",1987-02-01,"6","Vancouver Whitecaps","Group F","Iran","Canada"
"21","MF","Ashkan Dejagah",1986-07-05,"13","Fulham","Group F","Iran","England"
"22","GK","Daniel Davari",1988-01-06,"4","Eintracht Braunschweig","Group F","Iran","Germany"
"23","DF","Mehrdad Pouladi",1987-02-26,"19","Persepolis","Group F","Iran","Iran"
"–","GK","Vincent Enyeama (c)",1982-08-29,"90","Lille","Group F","Nigeria","France"
"–","GK","Austin Ejide",1984-04-08,"32","Hapoel Be'er Sheva","Group F","Nigeria","Israel"
"–","GK","Chigozie Agbim",1984-11-28,"11","Gombe United","Group F","Nigeria","Nigeria"
"–","DF","Joseph Yobo",1980-09-06,"96","Norwich City","Group F","Nigeria","England"
"–","DF","Uwa Elderson Echiéjilé",1988-01-20,"42","Monaco","Group F","Nigeria","Monaco"
"–","DF","Efe Ambrose",1988-10-18,"36","Celtic","Group F","Nigeria","Scotland"
"–","DF","Godfrey Oboabona",1990-08-16,"35","Çaykur Rizespor","Group F","Nigeria","Turkey"
"–","DF","Azubuike Egwuekwe",1989-07-16,"32","Warri Wolves","Group F","Nigeria","Nigeria"
"–","DF","Kenneth Omeruo",1993-10-17,"17","Middlesbrough","Group F","Nigeria","England"
"–","DF","Kunle Odunlami",1990-03-05,"10","Sunshine Stars","Group F","Nigeria","Nigeria"
"–","DF","Juwon Oshaniwa",1990-09-14,"10","Ashdod","Group F","Nigeria","Israel"
"–","MF","John Obi Mikel",1987-04-22,"59","Chelsea","Group F","Nigeria","England"
"–","MF","Victor Moses",1990-12-12,"20","Liverpool","Group F","Nigeria","England"
"–","MF","Ogenyi Onazi",1992-12-25,"20","Lazio","Group F","Nigeria","Italy"
"–","MF","Reuben Gabriel",1990-09-25,"11","Waasland-Beveren","Group F","Nigeria","Belgium"
"–","MF","Michael Babatunde",1992-12-24,"4","Volyn Lutsk","Group F","Nigeria","Ukraine"
"–","MF","Ramon Azeez",1992-12-12,"1","Almería","Group F","Nigeria","Spain"
"–","FW","Peter Odemwingie",1981-07-15,"60","Stoke City","Group F","Nigeria","England"
"–","FW","Ahmed Musa",1992-10-14,"35","CSKA Moscow","Group F","Nigeria","Russia"
"–","FW","Emmanuel Emenike",1987-05-10,"22","Fenerbahçe","Group F","Nigeria","Turkey"
"–","FW","Uche Nwofor",1991-09-17,"6","Heerenveen","Group F","Nigeria","Netherlands"
"–","FW","Shola Ameobi",1981-10-12,"6","Newcastle United","Group F","Nigeria","England"
"–","FW","Michael Uchebo",1990-02-02,"3","Cercle Brugge","Group F","Nigeria","Belgium"
"1","GK","Manuel Neuer",1986-03-27,"45","Bayern Munich","Group G","Germany","Germany"
"2","DF","Kevin Großkreutz",1988-07-19,"4","Borussia Dortmund","Group G","Germany","Germany"
"3","MF","Matthias Ginter",1994-01-19,"2","SC Freiburg","Group G","Germany","Germany"
"4","DF","Benedikt Höwedes",1988-02-29,"20","Schalke 04","Group G","Germany","Germany"
"5","DF","Mats Hummels",1988-12-16,"29","Borussia Dortmund","Group G","Germany","Germany"
"6","MF","Sami Khedira",1987-04-04,"45","Real Madrid","Group G","Germany","Spain"
"7","MF","Bastian Schweinsteiger",1984-08-01,"101","Bayern Munich","Group G","Germany","Germany"
"8","MF","Mesut Özil",1988-10-15,"54","Arsenal","Group G","Germany","England"
"9","MF","André Schürrle",1990-11-06,"32","Chelsea","Group G","Germany","England"
"10","FW","Lukas Podolski",1985-06-04,"113","Arsenal","Group G","Germany","England"
"11","FW","Miroslav Klose",1978-06-09,"131","Lazio","Group G","Germany","Italy"
"12","GK","Ron-Robert Zieler",1989-02-12,"3","Hannover 96","Group G","Germany","Germany"
"13","MF","Thomas Müller",1989-09-13,"48","Bayern Munich","Group G","Germany","Germany"
"14","MF","Julian Draxler",1993-09-20,"11","Schalke 04","Group G","Germany","Germany"
"15","DF","Erik Durm",1992-05-12,"1","Borussia Dortmund","Group G","Germany","Germany"
"16","DF","Philipp Lahm (c)",1983-11-11,"105","Bayern Munich","Group G","Germany","Germany"
"17","DF","Per Mertesacker",1984-09-29,"97","Arsenal","Group G","Germany","England"
"18","MF","Toni Kroos",1990-01-04,"43","Bayern Munich","Group G","Germany","Germany"
"19","MF","Mario Götze",1992-06-03,"28","Bayern Munich","Group G","Germany","Germany"
"20","DF","Jérôme Boateng",1988-09-03,"38","Bayern Munich","Group G","Germany","Germany"
"21","MF","Marco Reus",1989-05-31,"20","Borussia Dortmund","Group G","Germany","Germany"
"22","GK","Roman Weidenfeller",1980-08-06,"2","Borussia Dortmund","Group G","Germany","Germany"
"23","MF","Christoph Kramer",1991-02-12,"2","Borussia Mönchengladbach","Group G","Germany","Germany"
"–","GK","Adam Kwarasey",1987-12-12,"21","Strømsgodset","Group G","Ghana","Norway"
"–","GK","Fatau Dauda",1985-04-06,"17","Orlando Pirates","Group G","Ghana","South Africa"
"–","GK","Steven Adams",1989-09-28,"7","Aduana Stars","Group G","Ghana","Ghana"
"–","DF","Samuel Inkoom",1989-06-01,"46","Platanias","Group G","Ghana","Greece"
"–","DF","Harrison Afful",1986-06-24,"40","Espérance","Group G","Ghana","Tunisia"
"–","DF","John Boye",1987-04-23,"29","Rennes","Group G","Ghana","France"
"–","DF","Jonathan Mensah",1990-07-13,"26","Évian","Group G","Ghana","France"
"–","DF","Daniel Opare",1990-10-18,"16","Standard Liège","Group G","Ghana","Belgium"
"–","DF","Rashid Sumaila",1992-12-18,"6","Mamelodi Sundowns","Group G","Ghana","South Africa"
"–","MF","Sulley Muntari",1984-08-27,"81","Milan","Group G","Ghana","Italy"
"–","MF","Kwadwo Asamoah",1988-12-09,"61","Juventus","Group G","Ghana","Italy"
"–","MF","Michael Essien",1982-12-03,"57","Milan","Group G","Ghana","Italy"
"–","MF","Emmanuel Agyemang-Badu",1990-12-02,"48","Udinese","Group G","Ghana","Italy"
"–","MF","André Ayew",1989-12-17,"48","Marseille","Group G","Ghana","France"
"–","MF","Christian Atsu",1992-01-10,"22","Vitesse","Group G","Ghana","Netherlands"
"–","MF","Wakaso Mubarak",1990-07-25,"16","Rubin Kazan","Group G","Ghana","Russia"
"–","MF","Mohammed Rabiu",1989-12-31,"16","Kuban Krasnodar","Group G","Ghana","Russia"
"–","MF","Albert Adomah",1987-12-13,"14","Middlesbrough","Group G","Ghana","England"
"–","MF","Afriyie Acquah",1992-01-05,"4","Parma","Group G","Ghana","Italy"
"–","FW","Kevin-Prince Boateng",1987-03-06,"12","Schalke 04","Group G","Ghana","Germany"
"–","FW","Asamoah Gyan (c)",1985-11-22,"78","Al-Ain","Group G","Ghana","U.A.E."
"–","FW","Majeed Waris",1991-09-19,"9","Valenciennes","Group G","Ghana","France"
"–","FW","Jordan Ayew",1991-09-11,"12","Sochaux","Group G","Ghana","France"
"1","GK","Eduardo",1982-09-19,"33","Braga","Group G","Portugal","Portugal"
"2","DF","Bruno Alves",1981-11-27,"71","Fenerbahçe","Group G","Portugal","Turkey"
"3","DF","Pepe",1983-02-26,"57","Real Madrid","Group G","Portugal","Spain"
"4","MF","Miguel Veloso",1986-05-11,"47","Dynamo Kyiv","Group G","Portugal","Ukraine"
"5","DF","Fábio Coentrão",1988-03-11,"43","Real Madrid","Group G","Portugal","Spain"
"6","MF","William Carvalho",1992-04-07,"3","Sporting","Group G","Portugal","Portugal"
"7","FW","Cristiano Ronaldo (c)",1985-02-05,"110","Real Madrid","Group G","Portugal","Spain"
"8","MF","João Moutinho",1986-09-08,"66","Monaco","Group G","Portugal","Monaco"
"9","FW","Hugo Almeida",1984-05-23,"54","Besiktas","Group G","Portugal","Turkey"
"10","MF","Vieirinha",1986-01-24,"7","VfL Wolfsburg","Group G","Portugal","Germany"
"11","FW","Éder",1987-12-22,"7","Braga","Group G","Portugal","Portugal"
"12","GK","Rui Patrício",1988-02-15,"29","Sporting","Group G","Portugal","Portugal"
"13","DF","Ricardo Costa",1981-05-16,"18","Valencia","Group G","Portugal","Spain"
"14","DF","Luís Neto",1988-05-26,"7","Zenit Saint Petersburg","Group G","Portugal","Russia"
"15","MF","Rafa Silva",1993-05-17,"2","Braga","Group G","Portugal","Portugal"
"16","MF","Raul Meireles",1983-03-17,"73","Fenerbahçe","Group G","Portugal","Turkey"
"17","MF","Nani",1986-11-17,"73","Manchester United","Group G","Portugal","England"
"18","MF","Silvestre Varela",1985-02-02,"22","Porto","Group G","Portugal","Portugal"
"19","DF","André Almeida",1990-09-10,"3","Benfica","Group G","Portugal","Portugal"
"20","MF","Rúben Amorim",1985-01-27,"11","Benfica","Group G","Portugal","Portugal"
"21","DF","João Pereira",1984-02-25,"35","Valencia","Group G","Portugal","Spain"
"22","GK","Beto",1982-05-01,"7","Sevilla","Group G","Portugal","Spain"
"23","FW","Hélder Postiga",1982-08-02,"67","Lazio","Group G","Portugal","Italy"
"1","GK","Tim Howard",1979-03-06,"99","Everton","Group G","United States","England"
"2","DF","DeAndre Yedlin",1993-07-09,"4","Seattle Sounders FC","Group G","United States","United States"
"3","DF","Omar Gonzalez",1988-10-11,"19","Los Angeles Galaxy","Group G","United States","United States"
"4","MF","Michael Bradley",1987-07-31,"85","Toronto FC","Group G","United States","Canada"
"5","DF","Matt Besler",1987-02-11,"16","Sporting Kansas City","Group G","United States","United States"
"6","DF","John Brooks",1993-01-28,"4","Hertha Berlin","Group G","United States","Germany"
"7","DF","DaMarcus Beasley",1982-05-24,"115","Puebla","Group G","United States","Mexico"
"8","FW","Clint Dempsey (c)",1983-03-09,"104","Seattle Sounders FC","Group G","United States","United States"
"9","FW","Aron Jóhannsson",1990-11-10,"8","AZ","Group G","United States","Netherlands"
"10","MF","Mikkel Diskerud",1990-10-02,"19","Rosenborg","Group G","United States","Norway"
"11","MF","Alejandro Bedoya",1987-04-29,"27","Nantes","Group G","United States","France"
"12","GK","Brad Guzan",1984-09-09,"25","Aston Villa","Group G","United States","England"
"13","MF","Jermaine Jones",1981-11-03,"41","Besiktas","Group G","United States","Turkey"
"14","MF","Brad Davis",1981-11-08,"16","Houston Dynamo","Group G","United States","United States"
"15","MF","Kyle Beckerman",1982-04-23,"36","Real Salt Lake","Group G","United States","United States"
"16","MF","Julian Green",1995-06-06,"2","Bayern Munich","Group G","United States","Germany"
"17","FW","Jozy Altidore",1989-11-06,"69","Sunderland","Group G","United States","England"
"18","FW","Chris Wondolowski",1983-01-28,"20","San Jose Earthquakes","Group G","United States","United States"
"19","MF","Graham Zusi",1986-08-18,"22","Sporting Kansas City","Group G","United States","United States"
"20","DF","Geoff Cameron",1985-07-11,"26","Stoke City","Group G","United States","England"
"21","DF","Timothy Chandler",1990-03-29,"12","1. FC Nürnberg","Group G","United States","Germany"
"22","GK","Nick Rimando",1979-06-17,"14","Real Salt Lake","Group G","United States","United States"
"23","DF","Fabian Johnson",1987-12-11,"21","1899 Hoffenheim","Group G","United States","Germany"
"–","GK","Raïs M'Bolhi",1986-04-25,"27","CSKA Sofia","Group H","Algeria","Bulgaria"
"–","GK","Mohamed Zemmamouche",1985-03-19,"7","USM Alger","Group H","Algeria","Algeria"
"–","GK","Cédric Si Mohamed",1985-01-09,"1","CS Constantine","Group H","Algeria","Algeria"
"–","DF","Madjid Bougherra (c)",1982-10-07,"61","Lekhwiya","Group H","Algeria","Qatar"
"–","DF","Rafik Halliche",1986-09-02,"28","Académica","Group H","Algeria","Portugal"
"–","DF","Djamel Mesbah",1984-10-09,"26","Livorno","Group H","Algeria","Italy"
"–","DF","Carl Medjani",1985-05-15,"25","Valenciennes","Group H","Algeria","France"
"–","DF","Essaïd Belkalem",1989-01-01,"13","Watford","Group H","Algeria","England"
"–","DF","Liassine Cadamuro-Bentaïba",1988-03-05,"6","Mallorca","Group H","Algeria","Spain"
"–","DF","Faouzi Ghoulam",1991-02-01,"5","Napoli","Group H","Algeria","Italy"
"–","DF","Aïssa Mandi",1991-10-22,"2","Reims","Group H","Algeria","France"
"–","MF","Medhi Lacen",1984-05-15,"29","Getafe","Group H","Algeria","Spain"
"–","MF","Hassan Yebda",1984-05-14,"24","Udinese","Group H","Algeria","Italy"
"–","MF","Mehdi Mostefa",1983-08-30,"22","Ajaccio","Group H","Algeria","France"
"–","MF","Sofiane Feghouli",1989-12-26,"18","Valencia","Group H","Algeria","Spain"
"–","MF","Saphir Taïder",1992-02-29,"10","Internazionale","Group H","Algeria","Italy"
"–","MF","Abdelmoumene Djabou",1987-01-31,"76","Club Africain","Group H","Algeria","Tunisia"
"–","MF","Yacine Brahimi",1990-02-08,"5","Granada","Group H","Algeria","Spain"
"–","MF","Nabil Bentaleb",1994-11-24,"2","Tottenham Hotspur","Group H","Algeria","England"
"–","MF","Riyad Mahrez",1991-02-21,"1","Leicester City","Group H","Algeria","England"
"–","FW","El Arbi Hillel Soudani",1987-11-25,"21","Dinamo Zagreb","Group H","Algeria","Croatia"
"–","FW","Islam Slimani",1988-06-18,"19","Sporting CP","Group H","Algeria","Portugal"
"–","FW","Nabil Ghilas",1990-04-20,"5","Porto","Group H","Algeria","Portugal"
"1","GK","Thibaut Courtois",1992-05-11,"16","Atlético Madrid","Group H","Belgium","Spain"
"2","DF","Toby Alderweireld",1989-03-02,"34","Atlético Madrid","Group H","Belgium","Spain"
"3","DF","Thomas Vermaelen",1985-11-14,"48","Arsenal","Group H","Belgium","England"
"4","DF","Vincent Kompany (c)",1986-04-10,"59","Manchester City","Group H","Belgium","England"
"5","DF","Jan Vertonghen",1987-04-24,"56","Tottenham Hotspur","Group H","Belgium","England"
"6","MF","Axel Witsel",1989-01-12,"48","Zenit Saint Petersburg","Group H","Belgium","Russia"
"7","MF","Kevin De Bruyne",1991-06-28,"22","VfL Wolfsburg","Group H","Belgium","Germany"
"8","MF","Marouane Fellaini",1987-11-22,"50","Manchester United","Group H","Belgium","England"
"9","FW","Romelu Lukaku",1993-05-13,"29","Everton","Group H","Belgium","England"
"10","MF","Eden Hazard",1991-01-07,"45","Chelsea","Group H","Belgium","England"
"11","MF","Kevin Mirallas",1987-10-05,"44","Everton","Group H","Belgium","England"
"12","GK","Simon Mignolet",1988-08-06,"14","Liverpool","Group H","Belgium","England"
"13","GK","Sammy Bossut",1985-08-11,"1","Zulte Waregem","Group H","Belgium","Belgium"
"14","FW","Dries Mertens",1987-05-06,"24","Napoli","Group H","Belgium","Italy"
"15","DF","Daniel Van Buyten",1978-02-07,"79","Bayern Munich","Group H","Belgium","Germany"
"16","MF","Steven Defour",1988-04-15,"43","Porto","Group H","Belgium","Portugal"
"17","FW","Divock Origi",1995-04-18,"2","Lille","Group H","Belgium","France"
"18","DF","Nicolas Lombaerts",1985-03-20,"26","Zenit Saint Petersburg","Group H","Belgium","Russia"
"19","MF","Mousa Dembélé",1987-07-16,"55","Tottenham Hotspur","Group H","Belgium","England"
"20","MF","Adnan Januzaj",1995-02-05,"1","Manchester United","Group H","Belgium","England"
"21","DF","Anthony Vanden Borre",1987-10-24,"25","Anderlecht","Group H","Belgium","Belgium"
"22","MF","Nacer Chadli",1989-10-02,"20","Tottenham Hotspur","Group H","Belgium","England"
"23","DF","Laurent Ciman",1985-08-05,"8","Standard Liège","Group H","Belgium","Belgium"
"1","GK","Igor Akinfeev",1986-04-08,"67","CSKA Moscow","Group H","Russia","Russia"
"2","DF","Aleksei Kozlov",1986-11-16,"10","Dynamo Moscow","Group H","Russia","Russia"
"3","DF","Georgi Shchennikov",1991-04-27,"3","CSKA Moscow","Group H","Russia","Russia"
"4","DF","Sergei Ignashevich",1979-07-14,"95","CSKA Moscow","Group H","Russia","Russia"
"5","FW","Yuri Zhirkov",1983-08-20,"59","Dynamo Moscow","Group H","Russia","Russia"
"6","DF","Andrei Semyonov",1989-03-24,"1","Terek Grozny","Group H","Russia","Russia"
"7","MF","Igor Denisov",1984-05-17,"42","Dynamo Moscow","Group H","Russia","Russia"
"8","MF","Denis Glushakov",1987-01-27,"26","Spartak Moscow","Group H","Russia","Russia"
"9","FW","Aleksandr Kokorin",1991-03-19,"20","Dynamo Moscow","Group H","Russia","Russia"
"10","MF","Alan Dzagoev",1990-06-17,"31","CSKA Moscow","Group H","Russia","Russia"
"11","FW","Aleksandr Kerzhakov",1982-11-27,"79","Zenit Saint Petersburg","Group H","Russia","Russia"
"12","GK","Yuri Lodygin",1990-05-26,"2","Zenit Saint Petersburg","Group H","Russia","Russia"
"13","DF","Vladimir Granat",1987-05-22,"4","Dynamo Moscow","Group H","Russia","Russia"
"14","DF","Vasili Berezutski",1982-06-20,"77","CSKA Moscow","Group H","Russia","Russia"
"15","MF","Roman Shirokov (c)",1981-07-06,"40","Krasnodar","Group H","Russia","Russia"
"16","GK","Sergey Ryzhikov",1980-09-19,"1","Rubin Kazan","Group H","Russia","Russia"
"17","MF","Oleg Shatov",1990-07-29,"6","Zenit Saint Petersburg","Group H","Russia","Russia"
"18","FW","Aleksei Ionov",1989-02-18,"5","Dynamo Moscow","Group H","Russia","Russia"
"19","FW","Aleksandr Samedov",1984-07-19,"16","Lokomotiv Moscow","Group H","Russia","Russia"
"20","MF","Viktor Fayzulin",1986-04-22,"18","Zenit Saint Petersburg","Group H","Russia","Russia"
"21","FW","Maksim Kanunnikov",1991-07-14,"2","Rubin Kazan","Group H","Russia","Russia"
"22","DF","Andrey Yeshchenko",1984-02-09,"11","Anzhi Makhachkala","Group H","Russia","Russia"
"23","DF","Dmitri Kombarov",1987-01-22,"21","Spartak Moscow","Group H","Russia","Russia"
"1","GK","Jung Sung-Ryong",1985-01-04,"60","Suwon Bluewings","Group H","South Korea","South Korea"
"2","DF","Kim Chang-Soo",1985-09-12,"8","Kashiwa Reysol","Group H","South Korea","Japan"
"3","DF","Yun Suk-Young",1990-02-13,"3","Queens Park Rangers","Group H","South Korea","England"
"4","DF","Kwak Tae-Hwi",1981-07-08,"34","Al-Hilal","Group H","South Korea","Saudi Arabia"
"5","DF","Kim Young-Gwon",1990-02-27,"20","Guangzhou Evergrande","Group H","South Korea","China"
"6","DF","Hwang Seok-Ho",1989-06-27,"3","Sanfrecce Hiroshima","Group H","South Korea","Japan"
"7","MF","Kim Bo-Kyung",1989-10-06,"27","Cardiff City","Group H","South Korea","Wales"
"8","MF","Ha Dae-Sung",1985-03-02,"13","Beijing Guoan","Group H","South Korea","China"
"9","FW","Son Heung-Min",1992-07-08,"24","Bayer Leverkusen","Group H","South Korea","Germany"
"10","FW","Park Chu-Young",1985-07-10,"63","Watford","Group H","South Korea","England"
"11","FW","Lee Keun-Ho",1985-04-11,"63","Sangju Sangmu","Group H","South Korea","South Korea"
"12","DF","Lee Yong",1986-12-24,"11","Ulsan Hyundai","Group H","South Korea","South Korea"
"13","MF","Koo Ja-Cheol (c)",1989-02-27,"36","Mainz 05","Group H","South Korea","Germany"
"14","MF","Han Kook-Young",1990-04-19,"9","Kashiwa Reysol","Group H","South Korea","Japan"
"15","MF","Park Jong-Woo",1989-03-10,"10","Guangzhou R&F","Group H","South Korea","China"
"16","MF","Ki Sung-Yueng",1989-01-24,"58","Sunderland","Group H","South Korea","England"
"17","MF","Lee Chung-Yong",1988-07-02,"54","Bolton Wanderers","Group H","South Korea","England"
"18","FW","Kim Shin-Wook",1988-04-14,"26","Ulsan Hyundai","Group H","South Korea","South Korea"
"19","FW","Ji Dong-Won",1991-05-28,"27","FC Augsburg","Group H","South Korea","Germany"
"20","DF","Hong Jeong-Ho",1989-08-12,"24","FC Augsburg","Group H","South Korea","Germany"
"21","GK","Kim Seung-Gyu",1990-09-30,"5","Ulsan Hyundai","Group H","South Korea","South Korea"
"22","DF","Park Joo-Ho[57]",1987-01-16,"13","Mainz 05","Group H","South Korea","Germany"
"23","GK","Lee Bum-Young",1989-04-02,"0","Busan I'Park","Group H","South Korea","South Korea"
